Tecnologia	Tele	Consultoria	Seguros	Banca	Automocion	Farmacéutica	Enegia	Redes sociales	Moviles	Informática	Infraestructuras	Internet	Construccion
HP	O2	Accenture	MAPFRE	Ibercaja	ABARTH	Lilly	Iberdrola	Facebook	Apple	Indra	Siemens	Amazon	ACS
Dell	Orange	Deloitte	MUTUA MADRILEÑA	BNP Paribas	AIXAM	Boehringer Ingelheim	Endesa	Youtube	Samsung	Capgemini		Google	
Apple	Airenetwork	PwC	LÍNEA DIRECTA	BBVA	ALFA ROMEO	Chiesi	TotalEnergies	Whatsapp	Huawei	IBM		Baidu	
Microsoft	Movistar	EY	AXA	Caixa Bank	ASTON MARTIN	Janssen	Naturgy	Facebook Messenger	Xiaomi	Apple			
Asus	Vodafone	KPMG	ALLIANZ	Banco Santander	AUDI	MSD	Bassols	WeChat	OPPO				
Razer	Virgin telco	Tata	LIBERTY SEGUROS	Bankia	BENTLEY	Roche	Cepsa	Instagram	Sony	Microsoft			
Lenovo	Masmóvil	NTT	REALE SEGUROS	Banco Sabadell	BMW	Sandoz	Lersa Energia	QQ	Realme	Adobe Inc			
Acer	Jazztel	Infosys	SANTA LUCIA	Kutxabank	CADILLAC	Takeda	Lucera	Tumblr	LG	Oracle			
MSI	Fi Network	Atos	CATALANA OCCIDENTE	Abanca	CHEVROLET	Uriach	Repsol	Qzone	Honor				
NVIDIA	Lowi		SANITAS	Unicaja Banco	CHRYSLER	Novartis	Electra del Cardener	LinkedIn	OnePlus				
Samsung	Simyo		Adeslas	Bankinter	CITROEN	Abbot		VK	Google				
Intel	Yoigo		asefa	Liberbank	CORVETTE	Almirall	Fortuluz	Weibo	TCL				
Cisco Systems	Pepephone		Aegon	Banca March	DACIA	AstraZeneca	Ovo Energy	Snapchat	Alcatel				
Huawei	Lebara		Active	Banca Pueyo	DAEWOO		Engie	Twitter	Nokia				
IBM	Euskaltel		Aviva	Banco Alcalá	DAF		Peusa	Reddit	Motorola				
	Eurona		Asisa	Bankoa	DAIHATSU		Audax enegia	Baidu Tieba	CAT				
	Tuenti		Caser	Evo Banco	DODGE		Podo	Skype	InnJoo				
	Suop		Divina	Wizink	FERRARI		Holaluz	Tagged	Lenovo				
	Digi Móbil		DKV	Arquia	FIAT		Aura Energia	Viber	Microsoft				
			Cigna	Banco Caminos	FORD		Aldro Energia	Line	Elephone				
			FIATC	Self Bank	GALLOPER		Esfera Luz	Soundcloud	HTC				
			Helvetia	Imaginbank	GRECAV		Gana Energia	Badoo	ZTE				
			PlisUltra	Openbank	HONDA		Bulb	Vine	Vivo				
			Zurich	Activo Bank	HUMMER		Wombbat	Pinterest	Asus				
				Cajasur	HYUNDAI			Telegram	Wiko				
				Cajamar Caja Rural	INFINITI			Spotify	Haier				
				Laboral Kutxa	ISUZU			YY	BlackBerry				
				Bantierra	IVECO			Google+					
				Cajasiete	JAGUAR			Flickr					
				Caja de Ingenieros	JDM-SIMPA			Slideshare					
				Caixa Guissona	JEEP			TikTok					
				Deutsche Bank	KIA			Tinder					
				Banco Caixa Geral	LADA			Meetic					
				Targobank	LAMBORGHINI			Lovoo					
				Banco Mediolanum	LANCIA			Grindr					
				AndBank	LAND ROVER			Xing					
				Banco Pichincha	LEXUS			Bebee					
				Banco Finantia	LIGIER			Freelancer					
				ING	LOTUS			Womenalia					
				Novo Banco	MAHINDRA			Flickr					
				Triodos Bank	MAN			Vimeo					
				UBS	MASERATI			Reverbnation					
				Barclays	MAZDA			Yelp					
				Banca Farmactoring	MERCEDES			Foursquare					
				ICBC	MICROCAR			Tripadvisor					
				N26	MINI								
				CaixaBank	MITSUBISHI
					NISSAN								
					OPEL								
					PEUGEOT								
					PONTIAC								
					PORSCHE								
					RENAULT								
					ROLLS ROYCE								
					ROVER								
					SAAB								
					SANTANA								
					SCANIA								
					SEAT								
					SKODA								
					SMART								
					SSANGYONG								
					SUBARU								
					SUZUKI								
					TATA								
					TOYOTA								
					VOLKSWAGEN								
					VOLVO								
					YAMAHA								
